stdout of test 'oid` in directory 'sql/test/pg_regress` itself:


# 17:11:18 >  
# 17:11:18 >  "mserver5" "--debug=10" "--set" "gdk_nr_threads=0" "--set" "mapi_open=true" "--set" "mapi_port=38959" "--set" "mapi_usock=/var/tmp/mtest-1142/.s.monetdb.38959" "--set" "monet_prompt=" "--forcemito" "--set" "mal_listing=2" "--dbpath=/ufs/dinther/INSTALL/var/MonetDB/mTests_sql_test_pg_regress" "--set" "mal_listing=0"
# 17:11:18 >  

# MonetDB 5 server v11.18.0
# This is an unreleased version
# Serving database 'mTests_sql_test_pg_regress', using 8 threads
# Compiled for x86_64-unknown-linux-gnu/64bit with 64bit OIDs dynamically linked
# Found 15.356 GiB available main-memory.
# Copyright (c) 1993-July 2008 CWI.
# Copyright (c) August 2008-2014 MonetDB B.V., all rights reserved
# Visit http://www.monetdb.org/ for further information
# Listening for connection requests on mapi:monetdb://uwakai.da.cwi.nl:38959/
# Listening for UNIX domain connection requests on mapi:monetdb:///var/tmp/mtest-1142/.s.monetdb.38959
# MonetDB/GIS module loaded
# MonetDB/SQL module loaded

Ready.

# 17:11:19 >  
# 17:11:19 >  "mclient" "-lsql" "-ftest" "-Eutf-8" "-i" "-e" "--host=/var/tmp/mtest-1142" "--port=38959"
# 17:11:19 >  

= ! Correct / expected output still needs to be provided / verified / approved ! =

--
-- OID
--
CREATE TABLE OID_TBL(f1 oid);
INSERT INTO OID_TBL(f1) VALUES ('1234');
INSERT INTO OID_TBL(f1) VALUES ('1235');
INSERT INTO OID_TBL(f1) VALUES ('987');
INSERT INTO OID_TBL(f1) VALUES ('-1040');
INSERT INTO OID_TBL(f1) VALUES ('99999999');
INSERT INTO OID_TBL(f1) VALUES ('5     ');
INSERT INTO OID_TBL(f1) VALUES ('   10  ');
-- leading/trailing hard tab is also allowed
INSERT INTO OID_TBL(f1) VALUES ('	  15 	  ');
-- bad inputs 
INSERT INTO OID_TBL(f1) VALUES ('asdfasd');
ERROR:  invalid input syntax for type oid: "asdfasd"
INSERT INTO OID_TBL(f1) VALUES ('99asdfasd');
ERROR:  invalid input syntax for type oid: "99asdfasd"
INSERT INTO OID_TBL(f1) VALUES ('5    d');
ERROR:  invalid input syntax for type oid: "5    d"
INSERT INTO OID_TBL(f1) VALUES ('    5d');
ERROR:  invalid input syntax for type oid: "    5d"
INSERT INTO OID_TBL(f1) VALUES ('5    5');
ERROR:  invalid input syntax for type oid: "5    5"
INSERT INTO OID_TBL(f1) VALUES ('    ');
ERROR:  invalid input syntax for type oid: "    "
INSERT INTO OID_TBL(f1) VALUES (' - 500');
ERROR:  invalid input syntax for type oid: " - 500"
INSERT INTO OID_TBL(f1) VALUES ('32958209582039852935');
ERROR:  value "32958209582039852935" is out of range for type oid
INSERT INTO OID_TBL(f1) VALUES ('-23582358720398502385');
ERROR:  value "-23582358720398502385" is out of range for type oid
SELECT '' AS six, OID_TBL.*;
 six |     f1     
-----+------------
     |       1234
     |       1235
     |        987
     | 4294966256
     |   99999999
     |          5
     |         10
     |         15
(8 rows)

SELECT '' AS one, o.* FROM OID_TBL o WHERE o.f1 = 1234;
 one |  f1  
-----+------
     | 1234
(1 row)

SELECT '' AS five, o.* FROM OID_TBL o WHERE o.f1 <> '1234';
 five |     f1     
------+------------
      |       1235
      |        987
      | 4294966256
      |   99999999
      |          5
      |         10
      |         15
(7 rows)

SELECT '' AS three, o.* FROM OID_TBL o WHERE o.f1 <= '1234';
 three |  f1  
-------+------
       | 1234
       |  987
       |    5
       |   10
       |   15
(5 rows)

SELECT '' AS two, o.* FROM OID_TBL o WHERE o.f1 < '1234';
 two | f1  
-----+-----
     | 987
     |   5
     |  10
     |  15
(4 rows)

SELECT '' AS four, o.* FROM OID_TBL o WHERE o.f1 >= '1234';
 four |     f1     
------+------------
      |       1234
      |       1235
      | 4294966256
      |   99999999
(4 rows)

SELECT '' AS three, o.* FROM OID_TBL o WHERE o.f1 > '1234';
 three |     f1     
-------+------------
       |       1235
       | 4294966256
       |   99999999
(3 rows)

DROP TABLE OID_TBL;

= ! Correct / expected output still needs to be provided / verified / approved ! =

# 17:11:19 >  
# 17:11:19 >  "Done."
# 17:11:19 >  

