stdout of test 'time` in directory 'sql/test/pg_regress` itself:


# 17:11:18 >  
# 17:11:18 >  "mserver5" "--debug=10" "--set" "gdk_nr_threads=0" "--set" "mapi_open=true" "--set" "mapi_port=38959" "--set" "mapi_usock=/var/tmp/mtest-1142/.s.monetdb.38959" "--set" "monet_prompt=" "--forcemito" "--set" "mal_listing=2" "--dbpath=/ufs/dinther/INSTALL/var/MonetDB/mTests_sql_test_pg_regress" "--set" "mal_listing=0"
# 17:11:18 >  

# MonetDB 5 server v11.18.0
# This is an unreleased version
# Serving database 'mTests_sql_test_pg_regress', using 8 threads
# Compiled for x86_64-unknown-linux-gnu/64bit with 64bit OIDs dynamically linked
# Found 15.356 GiB available main-memory.
# Copyright (c) 1993-July 2008 CWI.
# Copyright (c) August 2008-2014 MonetDB B.V., all rights reserved
# Visit http://www.monetdb.org/ for further information
# Listening for connection requests on mapi:monetdb://uwakai.da.cwi.nl:38959/
# Listening for UNIX domain connection requests on mapi:monetdb:///var/tmp/mtest-1142/.s.monetdb.38959
# MonetDB/GIS module loaded
# MonetDB/SQL module loaded

Ready.

# 17:11:19 >  
# 17:11:19 >  "mclient" "-lsql" "-ftest" "-Eutf-8" "-i" "-e" "--host=/var/tmp/mtest-1142" "--port=38959"
# 17:11:19 >  

= ! Correct / expected output still needs to be provided / verified / approved ! =

--
-- TIME
--
CREATE TABLE TIME_TBL (f1 time(2));
INSERT INTO TIME_TBL VALUES ('00:00');
INSERT INTO TIME_TBL VALUES ('01:00');
-- as of 7.4, timezone spec should be accepted and ignored
INSERT INTO TIME_TBL VALUES ('02:03 PST');
INSERT INTO TIME_TBL VALUES ('11:59 EDT');
INSERT INTO TIME_TBL VALUES ('12:00');
INSERT INTO TIME_TBL VALUES ('12:01');
INSERT INTO TIME_TBL VALUES ('23:59');
INSERT INTO TIME_TBL VALUES ('11:59:59.99 PM');
SELECT f1 AS "Time" FROM TIME_TBL;
    Time     
-------------
 00:00:00
 01:00:00
 02:03:00
 11:59:00
 12:00:00
 12:01:00
 23:59:00
 23:59:59.99
(8 rows)

SELECT f1 AS "Three" FROM TIME_TBL WHERE f1 < '05:06:07';
  Three   
----------
 00:00:00
 01:00:00
 02:03:00
(3 rows)

SELECT f1 AS "Five" FROM TIME_TBL WHERE f1 > '05:06:07';
    Five     
-------------
 11:59:00
 12:00:00
 12:01:00
 23:59:00
 23:59:59.99
(5 rows)

SELECT f1 AS "None" FROM TIME_TBL WHERE f1 < '00:00';
 None 
------
(0 rows)

SELECT f1 AS "Eight" FROM TIME_TBL WHERE f1 >= '00:00';
    Eight    
-------------
 00:00:00
 01:00:00
 02:03:00
 11:59:00
 12:00:00
 12:01:00
 23:59:00
 23:59:59.99
(8 rows)

--
-- TIME simple math
--
-- We now make a distinction between time and intervals,
-- and adding two times together makes no sense at all.
-- Leave in one query to show that it is rejected,
-- and do the rest of the testing in horology.sql
-- where we do mixed-type arithmetic. - thomas 2000-12-02
SELECT f1 + time '00:01' AS "Illegal" FROM TIME_TBL;
ERROR:  operator is not unique: time without time zone + time without time zone
HINT:  Could not choose a best candidate operator. You may need to add explicit type casts.

= ! Correct / expected output still needs to be provided / verified / approved ! =

# 17:11:19 >  
# 17:11:19 >  "Done."
# 17:11:19 >  

