stdout of test 'truncate` in directory 'sql/test/pg_regress` itself:


# 17:11:18 >  
# 17:11:18 >  "mserver5" "--debug=10" "--set" "gdk_nr_threads=0" "--set" "mapi_open=true" "--set" "mapi_port=38959" "--set" "mapi_usock=/var/tmp/mtest-1142/.s.monetdb.38959" "--set" "monet_prompt=" "--forcemito" "--set" "mal_listing=2" "--dbpath=/ufs/dinther/INSTALL/var/MonetDB/mTests_sql_test_pg_regress" "--set" "mal_listing=0"
# 17:11:18 >  

# MonetDB 5 server v11.18.0
# This is an unreleased version
# Serving database 'mTests_sql_test_pg_regress', using 8 threads
# Compiled for x86_64-unknown-linux-gnu/64bit with 64bit OIDs dynamically linked
# Found 15.356 GiB available main-memory.
# Copyright (c) 1993-July 2008 CWI.
# Copyright (c) August 2008-2014 MonetDB B.V., all rights reserved
# Visit http://www.monetdb.org/ for further information
# Listening for connection requests on mapi:monetdb://uwakai.da.cwi.nl:38959/
# Listening for UNIX domain connection requests on mapi:monetdb:///var/tmp/mtest-1142/.s.monetdb.38959
# MonetDB/GIS module loaded
# MonetDB/SQL module loaded

Ready.

# 17:11:19 >  
# 17:11:19 >  "mclient" "-lsql" "-ftest" "-Eutf-8" "-i" "-e" "--host=/var/tmp/mtest-1142" "--port=38959"
# 17:11:19 >  

= ! Correct / expected output still needs to be provided / verified / approved ! =

-- Test basic TRUNCATE functionality.
CREATE TABLE truncate_a (col1 integer primary key);
NOTICE:  CREATE TABLE / PRIMARY KEY will create implicit index "truncate_a_pkey" for table "truncate_a"
INSERT INTO truncate_a VALUES (1);
INSERT INTO truncate_a VALUES (2);
SELECT * FROM truncate_a;
 col1 
------
    1
    2
(2 rows)

-- Roll truncate back
BEGIN;
TRUNCATE truncate_a;
ROLLBACK;
SELECT * FROM truncate_a;
 col1 
------
    1
    2
(2 rows)

-- Commit the truncate this time
BEGIN;
TRUNCATE truncate_a;
COMMIT;
SELECT * FROM truncate_a;
 col1 
------
(0 rows)

-- Test foreign constraint check
CREATE TABLE truncate_b(col1 integer references truncate_a);
INSERT INTO truncate_a VALUES (1);
SELECT * FROM truncate_a;
 col1 
------
    1
(1 row)

TRUNCATE truncate_a;
ERROR:  cannot truncate a table referenced in a foreign key constraint
DETAIL:  Table "truncate_b" references "truncate_a" via foreign key constraint "truncate_b_col1_fkey".
SELECT * FROM truncate_a;
 col1 
------
    1
(1 row)

DROP TABLE truncate_b;
DROP TABLE truncate_a;

= ! Correct / expected output still needs to be provided / verified / approved ! =

# 17:11:19 >  
# 17:11:19 >  "Done."
# 17:11:19 >  

